{
  "task": "q2_latency",
  "num_prompts": 8,
  "mean_latency_sec": 2.8288882051274413,
  "median_latency_sec": 2.830519739014562,
  "p95_latency_sec": 2.866931619006209,
  "max_latency_sec": 2.866931619006209,
  "mean_output_tokens": 128
}
